time,lat,lng,accuracy,altitude,speed,satellites in view,satellites in use
388,6.23333450,-75.54017340,58,0.00000,0.00000,0,0
1377,6.23333560,-75.54038170,56,1658.09998,0.00000,0,0
2382,6.23333560,-75.54038170,56,1658.09998,0.00000,0,0
3387,6.23333560,-75.54038170,56,1658.09998,0.00000,0,0
4430,6.23333560,-75.54038170,56,1658.09998,0.00000,0,0
5429,6.23333560,-75.54038170,56,1658.09998,0.00000,0,0
6430,6.23315750,-75.54042350,46,1658.09998,0.00000,0,0
7429,6.23315750,-75.54042350,46,1658.09998,0.00000,0,0
8428,6.23315750,-75.54042350,46,1658.09998,0.00000,0,0
9427,6.23315750,-75.54042350,46,1658.09998,0.00000,0,0
10427,6.23315750,-75.54042350,46,1658.09998,0.00000,0,0
11434,6.23315010,-75.54042520,91,1658.09998,0.00000,0,0
12478,6.23315010,-75.54042520,91,1658.09998,0.00000,0,0
13481,6.23315010,-75.54042520,91,1658.09998,0.00000,0,0
14480,6.23315010,-75.54042520,91,1658.09998,0.00000,0,0
15482,6.23315010,-75.54042520,91,1658.09998,0.00000,0,0
16479,6.23315010,-75.54042520,91,1658.09998,0.00000,0,0
17479,6.23315010,-75.54042520,91,1658.09998,0.00000,0,0
18530,6.23315010,-75.54042520,91,1658.09998,0.00000,0,0
19531,6.23315010,-75.54042520,91,1658.09998,0.00000,0,0
20579,6.23315010,-75.54042520,91,1658.09998,0.00000,0,0
21580,6.23320250,-75.54000960,42,0.00000,0.00000,0,0
22578,6.23320250,-75.54000960,42,0.00000,0.00000,0,0
23627,6.23320250,-75.54000960,42,0.00000,0.00000,0,0
24628,6.23320250,-75.54000960,42,0.00000,0.00000,0,0
25632,6.23320250,-75.54000960,42,0.00000,0.00000,0,0
26627,6.23321670,-75.54028440,35,0.00000,0.00000,0,0
27628,6.23321670,-75.54028440,35,0.00000,0.00000,0,0
28629,6.23321670,-75.54028440,35,0.00000,0.00000,0,0
29629,6.23321670,-75.54028440,35,0.00000,0.00000,0,0
30627,6.23321670,-75.54028440,35,0.00000,0.00000,0,0
31648,6.23320550,-75.54005350,77,0.00000,0.00000,0,0
32679,6.23320550,-75.54005350,77,0.00000,0.00000,0,0
33682,6.23320550,-75.54005350,77,0.00000,0.00000,0,0
34680,6.23320550,-75.54005350,77,0.00000,0.00000,0,0
35726,6.23320550,-75.54005350,77,0.00000,0.00000,0,0
36732,6.23297810,-75.54034500,101,0.00000,0.00000,0,0
37728,6.23297810,-75.54034500,101,0.00000,0.00000,0,0
38731,6.23297810,-75.54034500,101,0.00000,0.00000,0,0
39729,6.23297810,-75.54034500,101,0.00000,0.00000,0,0
40733,6.23297810,-75.54034500,101,0.00000,0.00000,0,0
41727,6.23297810,-75.54034500,101,0.00000,0.00000,0,0
42778,6.23297810,-75.54034500,101,0.00000,0.00000,0,0
43782,6.23297810,-75.54034500,101,0.00000,0.00000,0,0
44828,6.23297810,-75.54034500,101,0.00000,0.00000,0,0
45832,6.23297810,-75.54034500,101,0.00000,0.00000,0,0
46833,6.23319830,-75.54001180,53,0.00000,0.00000,0,0
47827,6.23319830,-75.54001180,53,0.00000,0.00000,0,0
48835,6.23319830,-75.54001180,53,0.00000,0.00000,0,0
49827,6.23319830,-75.54001180,53,0.00000,0.00000,0,0
50828,6.23319830,-75.54001180,53,0.00000,0.00000,0,0
51828,6.23302170,-75.54024600,77,0.00000,0.00000,0,0
52828,6.23302170,-75.54024600,77,0.00000,0.00000,0,0
53828,6.23302170,-75.54024600,77,0.00000,0.00000,0,0
54828,6.23302170,-75.54024600,77,0.00000,0.00000,0,0
55828,6.23302170,-75.54024600,77,0.00000,0.00000,0,0
56828,6.23323930,-75.54036460,124,0.00000,0.00000,0,0
57827,6.23323930,-75.54036460,124,0.00000,0.00000,0,0
58829,6.23323930,-75.54036460,124,0.00000,0.00000,0,0
59826,6.23323930,-75.54036460,124,0.00000,0.00000,0,0
60826,6.23323930,-75.54036460,124,0.00000,0.00000,0,0
61832,6.23299660,-75.54044890,63,0.00000,0.00000,0,0
62834,6.23299660,-75.54044890,63,0.00000,0.00000,0,0
63882,6.23299660,-75.54044890,63,0.00000,0.00000,0,0
64882,6.23299660,-75.54044890,63,0.00000,0.00000,0,0
65931,6.23299660,-75.54044890,63,0.00000,0.00000,0,0
66933,6.23299660,-75.54044890,63,0.00000,0.00000,0,0
67982,6.23400900,-75.53934230,99,0.00000,0.00000,0,0
68984,6.23400900,-75.53934230,99,0.00000,0.00000,0,0
69983,6.23400900,-75.53934230,99,0.00000,0.00000,0,0
71031,6.23400900,-75.53934230,99,0.00000,0.00000,0,0
72029,6.23400900,-75.53934230,99,0.00000,0.00000,0,0
73079,6.23425040,-75.53908050,141,0.00000,0.00000,0,0
74076,6.23425040,-75.53908050,141,0.00000,0.00000,0,0
75077,6.23425040,-75.53908050,141,0.00000,0.00000,0,0
76082,6.23425040,-75.53908050,141,0.00000,0.00000,0,0
77126,6.23369260,-75.54001220,121,0.00000,0.00000,0,0
78127,6.23369260,-75.54001220,121,0.00000,0.00000,0,0
79177,6.23369260,-75.54001220,121,0.00000,0.00000,0,0
80183,6.23369260,-75.54001220,121,0.00000,0.00000,0,0
81231,6.23369260,-75.54001220,121,0.00000,0.00000,0,0
82228,6.23438580,-75.53899500,84,0.00000,0.00000,0,0
83282,6.23438580,-75.53899500,84,0.00000,0.00000,0,0
84283,6.23438580,-75.53899500,84,0.00000,0.00000,0,0
85279,6.23438580,-75.53899500,84,0.00000,0.00000,0,0
86282,6.23438580,-75.53899500,84,0.00000,0.00000,0,0
87278,6.23338090,-75.54038150,32,0.00000,0.00000,0,0
88284,6.23338090,-75.54038150,32,0.00000,0.00000,0,0
89283,6.23338090,-75.54038150,32,0.00000,0.00000,0,0
90282,6.23338090,-75.54038150,32,0.00000,0.00000,0,0
91279,6.23338090,-75.54038150,32,0.00000,0.00000,0,0
92276,6.23335670,-75.54041480,85,0.00000,0.00000,0,0
93282,6.23335670,-75.54041480,85,0.00000,0.00000,0,0
94285,6.23335670,-75.54041480,85,0.00000,0.00000,0,0
95277,6.23335670,-75.54041480,85,0.00000,0.00000,0,0
96329,6.23335670,-75.54041480,85,0.00000,0.00000,0,0
97377,6.23335060,-75.54042330,136,0.00000,0.00000,0,0
98382,6.23335060,-75.54042330,136,0.00000,0.00000,0,0
99382,6.23335060,-75.54042330,136,0.00000,0.00000,0,0
100381,6.23335060,-75.54042330,136,0.00000,0.00000,0,0
101434,6.23335060,-75.54042330,136,0.00000,0.00000,0,0
102427,6.23334840,-75.54042630,176,0.00000,0.00000,0,0
103432,6.23334840,-75.54042630,176,0.00000,0.00000,0,0
104432,6.23334840,-75.54042630,176,0.00000,0.00000,0,0
105431,6.23334840,-75.54042630,176,0.00000,0.00000,0,0
106483,6.23334840,-75.54042630,176,0.00000,0.00000,0,0
107482,6.23334740,-75.54042770,213,0.00000,0.00000,0,0
108484,6.23334740,-75.54042770,213,0.00000,0.00000,0,0
109533,6.23334740,-75.54042770,213,0.00000,0.00000,0,0
110531,6.23334740,-75.54042770,213,0.00000,0.00000,0,0
111533,6.23334740,-75.54042770,213,0.00000,0.00000,0,0
112528,6.23337170,-75.54277260,900,0.00000,0.00000,0,0
113531,6.23337170,-75.54277260,900,0.00000,0.00000,0,0
114532,6.23337170,-75.54277260,900,0.00000,0.00000,0,0
115530,6.23337170,-75.54277260,900,0.00000,0.00000,0,0
116582,6.23337170,-75.54277260,900,0.00000,0.00000,0,0
117583,6.23303900,-75.54240870,1000,0.00000,0.00000,0,0
118583,6.23303900,-75.54240870,1000,0.00000,0.00000,0,0
119582,6.23303900,-75.54240870,1000,0.00000,0.00000,0,0
120586,6.23303900,-75.54240870,1000,0.00000,0.00000,0,0
121584,6.23303900,-75.54240870,1000,0.00000,0.00000,0,0
122583,6.23597300,-75.54350040,900,0.00000,0.00000,0,0
123631,6.23597300,-75.54350040,900,0.00000,0.00000,0,0
124631,6.23597300,-75.54350040,900,0.00000,0.00000,0,0
125633,6.23597300,-75.54350040,900,0.00000,0.00000,0,0
126627,6.23597300,-75.54350040,900,0.00000,0.00000,0,0
127681,6.23337170,-75.54277260,900,0.00000,0.00000,0,0
128683,6.23337170,-75.54277260,900,0.00000,0.00000,0,0
129685,6.23337170,-75.54277260,900,0.00000,0.00000,0,0
130731,6.23337170,-75.54277260,900,0.00000,0.00000,0,0
131731,6.23337170,-75.54277260,900,0.00000,0.00000,0,0
132731,6.23667910,-75.54568370,1100,0.00000,0.00000,0,0
133781,6.23667910,-75.54568370,1100,0.00000,0.00000,0,0
134784,6.23667910,-75.54568370,1100,0.00000,0.00000,0,0
135833,6.23667910,-75.54568370,1100,0.00000,0.00000,0,0
136882,6.23667910,-75.54568370,1100,0.00000,0.00000,0,0
137882,6.23667910,-75.54568370,1100,0.00000,0.00000,0,0
138882,6.23667910,-75.54568370,1100,0.00000,0.00000,0,0
139931,6.23667910,-75.54568370,1100,0.00000,0.00000,0,0
140933,6.23667910,-75.54568370,1100,0.00000,0.00000,0,0
141932,6.23667910,-75.54568370,1100,0.00000,0.00000,0,0
142982,6.23667910,-75.54568370,1100,0.00000,0.00000,0,0
143978,6.23667910,-75.54568370,1100,0.00000,0.00000,0,0
144983,6.23667910,-75.54568370,1100,0.00000,0.00000,0,0
145983,6.23667910,-75.54568370,1100,0.00000,0.00000,0,0
146981,6.23667910,-75.54568370,1100,0.00000,0.00000,0,0
147981,6.23667910,-75.54568370,1100,0.00000,0.00000,0,0
148982,6.23667910,-75.54568370,1100,0.00000,0.00000,0,0
149983,6.23667910,-75.54568370,1100,0.00000,0.00000,0,0
151032,6.23667910,-75.54568370,1100,0.00000,0.00000,0,0
152031,6.23667910,-75.54568370,1100,0.00000,0.00000,0,0
153032,6.23667910,-75.54568370,1100,0.00000,0.00000,0,0
154032,6.23667910,-75.54568370,1100,0.00000,0.00000,0,0
155031,6.23667910,-75.54568370,1100,0.00000,0.00000,0,0
156033,6.23667910,-75.54568370,1100,0.00000,0.00000,0,0
157026,6.23667910,-75.54568370,1100,0.00000,0.00000,0,0
158031,6.23667910,-75.54568370,1100,0.00000,0.00000,0,0
159034,6.23667910,-75.54568370,1100,0.00000,0.00000,0,0
160031,6.23667910,-75.54568370,1100,0.00000,0.00000,0,0
161032,6.23667910,-75.54568370,1100,0.00000,0.00000,0,0
162080,6.23667910,-75.54568370,1100,0.00000,0.00000,0,0
163084,6.23667910,-75.54568370,1100,0.00000,0.00000,0,0
164083,6.23667910,-75.54568370,1100,0.00000,0.00000,0,0
165105,6.23667910,-75.54568370,1100,0.00000,0.00000,0,0
166082,6.23667910,-75.54568370,1100,0.00000,0.00000,0,0
167131,6.23667910,-75.54568370,1100,0.00000,0.00000,0,0
168185,6.23667910,-75.54568370,1100,0.00000,0.00000,0,0
169181,6.23667910,-75.54568370,1100,0.00000,0.00000,0,0
170181,6.23667910,-75.54568370,1100,0.00000,0.00000,0,0
171185,6.23667910,-75.54568370,1100,0.00000,0.00000,0,0
172179,6.23667910,-75.54568370,1100,0.00000,0.00000,0,0
173226,6.23555140,-75.54181680,30,0.00000,0.00000,0,0
174226,6.23555140,-75.54181680,30,0.00000,0.00000,0,0
175228,6.23555140,-75.54181680,30,0.00000,0.00000,0,0
176228,6.23555140,-75.54181680,30,0.00000,0.00000,0,0
177227,6.23555140,-75.54181680,30,0.00000,0.00000,0,0
178227,6.23557140,-75.54180990,32,0.00000,0.00000,0,0
179227,6.23557140,-75.54180990,32,0.00000,0.00000,0,0
180227,6.23557140,-75.54180990,32,0.00000,0.00000,0,0
181234,6.23557140,-75.54180990,32,0.00000,0.00000,0,0
182227,6.23557140,-75.54180990,32,0.00000,0.00000,0,0
183229,6.23564720,-75.54180400,36,1635.09998,0.00000,0,0
184227,6.23564720,-75.54180400,36,1635.09998,0.00000,0,0
185232,6.23564720,-75.54180400,36,1635.09998,0.00000,0,0
186228,6.23564720,-75.54180400,36,1635.09998,0.00000,0,0
187231,6.23564720,-75.54180400,36,1635.09998,0.00000,0,0
188226,6.23562750,-75.54182370,32,1635.09998,0.00000,0,0
189227,6.23562750,-75.54182370,32,1635.09998,0.00000,0,0
190229,6.23562750,-75.54182370,32,1635.09998,0.00000,0,0
191229,6.23562750,-75.54182370,32,1635.09998,0.00000,0,0
192226,6.23562750,-75.54182370,32,1635.09998,0.00000,0,0
193226,6.23561710,-75.54181920,36,1635.09998,0.00000,0,0
194227,6.23561710,-75.54181920,36,1635.09998,0.00000,0,0
195226,6.23561710,-75.54181920,36,1635.09998,0.00000,0,0
196226,6.23561710,-75.54181920,36,1635.09998,0.00000,0,0
197227,6.23561710,-75.54181920,36,1635.09998,0.00000,0,0
198231,6.23560730,-75.54180640,35,1635.09998,0.00000,0,0
199277,6.23560730,-75.54180640,35,1635.09998,0.00000,0,0
200277,6.23560730,-75.54180640,35,1635.09998,0.00000,0,0
201278,6.23560730,-75.54180640,35,1635.09998,0.00000,0,0
202328,6.23560730,-75.54180640,35,1635.09998,0.00000,0,0
203331,6.23560970,-75.54177240,33,0.00000,0.00000,0,0
204378,6.23560970,-75.54177240,33,0.00000,0.00000,0,0
205379,6.23560970,-75.54177240,33,0.00000,0.00000,0,0
206430,6.23560970,-75.54177240,33,0.00000,0.00000,0,0
207432,6.23560970,-75.54177240,33,0.00000,0.00000,0,0
208430,6.23563940,-75.54187330,29,1635.19995,0.00000,0,0
209430,6.23563940,-75.54187330,29,1635.19995,0.00000,0,0
210431,6.23563940,-75.54187330,29,1635.19995,0.00000,0,0
211430,6.23563940,-75.54187330,29,1635.19995,0.00000,0,0
212427,6.23563940,-75.54187330,29,1635.19995,0.00000,0,0
213429,6.23571600,-75.54190420,34,0.00000,0.00000,0,0
214429,6.23571600,-75.54190420,34,0.00000,0.00000,0,0
215433,6.23571600,-75.54190420,34,0.00000,0.00000,0,0
216432,6.23571600,-75.54190420,34,0.00000,0.00000,0,0
217426,6.23571600,-75.54190420,34,0.00000,0.00000,0,0
218428,6.23575120,-75.54197840,31,1635.50000,0.00000,0,0
219429,6.23575120,-75.54197840,31,1635.50000,0.00000,0,0
220429,6.23575120,-75.54197840,31,1635.50000,0.00000,0,0
221478,6.23575120,-75.54197840,31,1635.50000,0.00000,0,0
222526,6.23575120,-75.54197840,31,1635.50000,0.00000,0,0
223527,6.23573730,-75.54201820,29,0.00000,0.00000,0,0
224530,6.23573730,-75.54201820,29,0.00000,0.00000,0,0
225529,6.23573730,-75.54201820,29,0.00000,0.00000,0,0
226527,6.23573730,-75.54201820,29,0.00000,0.00000,0,0
227529,6.23573730,-75.54201820,29,0.00000,0.00000,0,0
228579,6.23565720,-75.54238280,30,0.00000,0.00000,0,0
229583,6.23565720,-75.54238280,30,0.00000,0.00000,0,0
230627,6.23565720,-75.54238280,30,0.00000,0.00000,0,0
231680,6.23565720,-75.54238280,30,0.00000,0.00000,0,0
232677,6.23565720,-75.54238280,30,0.00000,0.00000,0,0
233679,6.23591940,-75.54241050,33,0.00000,0.00000,0,0
234681,6.23591940,-75.54241050,33,0.00000,0.00000,0,0
235677,6.23591940,-75.54241050,33,0.00000,0.00000,0,0
236680,6.23591940,-75.54241050,33,0.00000,0.00000,0,0
237677,6.23591940,-75.54241050,33,0.00000,0.00000,0,0
238726,6.23608180,-75.54278620,28,0.00000,0.00000,0,0
239726,6.23608180,-75.54278620,28,0.00000,0.00000,0,0
240726,6.23608180,-75.54278620,28,0.00000,0.00000,0,0
241729,6.23608180,-75.54278620,28,0.00000,0.00000,0,0
242727,6.23608180,-75.54278620,28,0.00000,0.00000,0,0
243726,6.23623820,-75.54302450,28,1637.40002,0.00000,0,0
244730,6.23623820,-75.54302450,28,1637.40002,0.00000,0,0
245730,6.23623820,-75.54302450,28,1637.40002,0.00000,0,0
246731,6.23623820,-75.54302450,28,1637.40002,0.00000,0,0
247728,6.23623820,-75.54302450,28,1637.40002,0.00000,0,0
248727,6.23648490,-75.54354450,33,1637.40002,0.00000,0,0
249727,6.23648490,-75.54354450,33,1637.40002,0.00000,0,0
250728,6.23648490,-75.54354450,33,1637.40002,0.00000,0,0
251751,6.23648490,-75.54354450,33,1637.40002,0.00000,0,0
252726,6.23648490,-75.54354450,33,1637.40002,0.00000,0,0
253726,6.23654660,-75.54365470,93,0.00000,0.00000,0,0
254728,6.23654660,-75.54365470,93,0.00000,0.00000,0,0
255780,6.23654660,-75.54365470,93,0.00000,0.00000,0,0
256777,6.23654660,-75.54365470,93,0.00000,0.00000,0,0
257779,6.23654660,-75.54365470,93,0.00000,0.00000,0,0
258777,6.23760380,-75.54481370,90,0.00000,0.00000,0,0
259781,6.23760380,-75.54481370,90,0.00000,0.00000,0,0
260778,6.23760380,-75.54481370,90,0.00000,0.00000,0,0
261778,6.23760380,-75.54481370,90,0.00000,0.00000,0,0
262777,6.23760380,-75.54481370,90,0.00000,0.00000,0,0
263831,6.23760380,-75.54481370,90,0.00000,0.00000,0,0
264828,6.23773740,-75.54522810,51,0.00000,0.00000,0,0
265879,6.23773740,-75.54522810,51,0.00000,0.00000,0,0
266926,6.23773740,-75.54522810,51,0.00000,0.00000,0,0
267928,6.23773740,-75.54522810,51,0.00000,0.00000,0,0
268932,6.23773740,-75.54522810,51,0.00000,0.00000,0,0
269928,6.23792780,-75.54522470,41,0.00000,0.00000,0,0
270946,6.23792780,-75.54522470,41,0.00000,0.00000,0,0
271933,6.23792780,-75.54522470,41,0.00000,0.00000,0,0
272926,6.23792780,-75.54522470,41,0.00000,0.00000,0,0
273929,6.23800770,-75.54482040,32,0.00000,0.00000,0,0
274931,6.23800770,-75.54482040,32,0.00000,0.00000,0,0
275981,6.23800770,-75.54482040,32,0.00000,0.00000,0,0
276981,6.23800770,-75.54482040,32,0.00000,0.00000,0,0
278033,6.23800770,-75.54482040,32,0.00000,0.00000,0,0
279026,6.23807820,-75.54475230,32,0.00000,0.00000,0,0
280029,6.23807820,-75.54475230,32,0.00000,0.00000,0,0
281033,6.23807820,-75.54475230,32,0.00000,0.00000,0,0
282033,6.23807820,-75.54475230,32,0.00000,0.00000,0,0
283032,6.23807820,-75.54475230,32,0.00000,0.00000,0,0
284081,6.23822590,-75.54486370,100,0.00000,0.00000,0,0
285131,6.23822590,-75.54486370,100,0.00000,0.00000,0,0
286130,6.23822590,-75.54486370,100,0.00000,0.00000,0,0
287183,6.23822590,-75.54486370,100,0.00000,0.00000,0,0
288178,6.23822590,-75.54486370,100,0.00000,0.00000,0,0
289181,6.23822590,-75.54486370,100,0.00000,0.00000,0,0
290181,6.23822590,-75.54486370,100,0.00000,0.00000,0,0
291182,6.23875480,-75.54505760,129,0.00000,0.00000,0,0
292181,6.23875480,-75.54505760,129,0.00000,0.00000,0,0
293177,6.23875480,-75.54505760,129,0.00000,0.00000,0,0
294233,6.23899360,-75.54517380,146,0.00000,0.00000,0,0
295230,6.23899360,-75.54517380,146,0.00000,0.00000,0,0
296276,6.23899360,-75.54517380,146,0.00000,0.00000,0,0
297280,6.23899360,-75.54517380,146,0.00000,0.00000,0,0
298325,6.23899360,-75.54517380,146,0.00000,0.00000,0,0
299277,6.23899360,-75.54517380,146,0.00000,0.00000,0,0
300358,6.23899360,-75.54517380,146,0.00000,0.00000,0,0
301326,6.23906760,-75.54502100,37,0.00000,0.00000,0,0
302397,6.23906760,-75.54502100,37,0.00000,0.00000,0,0
303328,6.23906760,-75.54502100,37,0.00000,0.00000,0,0
304328,6.23889990,-75.54508970,36,0.00000,0.00000,0,0
305330,6.23889990,-75.54508970,36,0.00000,0.00000,0,0
306383,6.23889990,-75.54508970,36,0.00000,0.00000,0,0
307376,6.23889990,-75.54508970,36,0.00000,0.00000,0,0
308380,6.23889990,-75.54508970,36,0.00000,0.00000,0,0
309433,6.23877040,-75.54519110,56,0.00000,0.00000,0,0
310426,6.23877040,-75.54519110,56,0.00000,0.00000,0,0
311426,6.23877040,-75.54519110,56,0.00000,0.00000,0,0
312428,6.23877040,-75.54519110,56,0.00000,0.00000,0,0
313430,6.23877040,-75.54519110,56,0.00000,0.00000,0,0
314427,6.23858660,-75.54518220,69,0.00000,0.00000,0,0
315427,6.23858660,-75.54518220,69,0.00000,0.00000,0,0
316477,6.23858660,-75.54518220,69,0.00000,0.00000,0,0
317477,6.23858660,-75.54518220,69,0.00000,0.00000,0,0
318527,6.23858660,-75.54518220,69,0.00000,0.00000,0,0
319529,6.23898720,-75.54489140,34,0.00000,0.00000,0,0
320527,6.23898720,-75.54489140,34,0.00000,0.00000,0,0
321583,6.23898720,-75.54489140,34,0.00000,0.00000,0,0
322577,6.23898720,-75.54489140,34,0.00000,0.00000,0,0
323581,6.23898720,-75.54489140,34,0.00000,0.00000,0,0
324578,6.23905430,-75.54497650,36,0.00000,0.00000,0,0
325578,6.23905430,-75.54497650,36,0.00000,0.00000,0,0
326580,6.23905430,-75.54497650,36,0.00000,0.00000,0,0
327576,6.23905430,-75.54497650,36,0.00000,0.00000,0,0
328577,6.23905430,-75.54497650,36,0.00000,0.00000,0,0
329577,6.23896980,-75.54482100,71,0.00000,0.00000,0,0
330626,6.23896980,-75.54482100,71,0.00000,0.00000,0,0
331633,6.23896980,-75.54482100,71,0.00000,0.00000,0,0
332631,6.23896980,-75.54482100,71,0.00000,0.00000,0,0
333633,6.23896980,-75.54482100,71,0.00000,0.00000,0,0
334629,6.23924570,-75.54489050,88,0.00000,0.00000,0,0
335628,6.23924570,-75.54489050,88,0.00000,0.00000,0,0
336632,6.23924570,-75.54489050,88,0.00000,0.00000,0,0
337629,6.23924570,-75.54489050,88,0.00000,0.00000,0,0
338631,6.23924570,-75.54489050,88,0.00000,0.00000,0,0
339631,6.23941000,-75.54536650,32,1606.19995,0.00000,0,0
340631,6.23941000,-75.54536650,32,1606.19995,0.00000,0,0
341632,6.23941000,-75.54536650,32,1606.19995,0.00000,0,0
342630,6.23941000,-75.54536650,32,1606.19995,0.00000,0,0
343680,6.23941000,-75.54536650,32,1606.19995,0.00000,0,0
344681,6.23953190,-75.54558580,32,1610.59998,0.00000,0,0
345682,6.23953190,-75.54558580,32,1610.59998,0.00000,0,0
346729,6.23953190,-75.54558580,32,1610.59998,0.00000,0,0
347730,6.23953190,-75.54558580,32,1610.59998,0.00000,0,0
348731,6.23953190,-75.54558580,32,1610.59998,0.00000,0,0
349729,6.23957070,-75.54566560,31,1606.19995,0.00000,0,0
350729,6.23957070,-75.54566560,31,1606.19995,0.00000,0,0
351729,6.23957070,-75.54566560,31,1606.19995,0.00000,0,0
352783,6.23957070,-75.54566560,31,1606.19995,0.00000,0,0
353779,6.23957070,-75.54566560,31,1606.19995,0.00000,0,0
354780,6.23964320,-75.54592580,29,0.00000,0.00000,0,0
355780,6.23964320,-75.54592580,29,0.00000,0.00000,0,0
356828,6.23964320,-75.54592580,29,0.00000,0.00000,0,0
357827,6.23964320,-75.54592580,29,0.00000,0.00000,0,0
358826,6.23964320,-75.54592580,29,0.00000,0.00000,0,0
359827,6.23998160,-75.54624190,37,0.00000,0.00000,0,0
360829,6.23998160,-75.54624190,37,0.00000,0.00000,0,0
361876,6.23998160,-75.54624190,37,0.00000,0.00000,0,0
362880,6.23998160,-75.54624190,37,0.00000,0.00000,0,0
363877,6.23998160,-75.54624190,37,0.00000,0.00000,0,0
364929,6.23998160,-75.54624190,37,0.00000,0.00000,0,0
365926,6.23998160,-75.54624190,37,0.00000,0.00000,0,0
366930,6.23998160,-75.54624190,37,0.00000,0.00000,0,0
368054,6.23998160,-75.54624190,37,0.00000,0.00000,0,0
368984,6.23998160,-75.54624190,37,0.00000,0.00000,0,0
369982,6.24064840,-75.54662940,87,0.00000,0.00000,0,0
370981,6.24064840,-75.54662940,87,0.00000,0.00000,0,0
372030,6.24064840,-75.54662940,87,0.00000,0.00000,0,0
373033,6.24064840,-75.54662940,87,0.00000,0.00000,0,0
374031,6.24064840,-75.54662940,87,0.00000,0.00000,0,0
375081,6.24052650,-75.54704140,60,0.00000,0.00000,0,0
376078,6.24052650,-75.54704140,60,0.00000,0.00000,0,0
377083,6.24052650,-75.54704140,60,0.00000,0.00000,0,0
378081,6.24052650,-75.54704140,60,0.00000,0.00000,0,0
379081,6.24052650,-75.54704140,60,0.00000,0.00000,0,0
380081,6.24056880,-75.54704510,104,0.00000,0.00000,0,0
381081,6.24056880,-75.54704510,104,0.00000,0.00000,0,0
382081,6.24056880,-75.54704510,104,0.00000,0.00000,0,0
383130,6.24056880,-75.54704510,104,0.00000,0.00000,0,0
384129,6.24056880,-75.54704510,104,0.00000,0.00000,0,0
385130,6.24058290,-75.54704630,151,0.00000,0.00000,0,0
386131,6.24058290,-75.54704630,151,0.00000,0.00000,0,0
387134,6.24058290,-75.54704630,151,0.00000,0.00000,0,0
388130,6.24058290,-75.54704630,151,0.00000,0.00000,0,0
389131,6.24058290,-75.54704630,151,0.00000,0.00000,0,0
390181,6.24058870,-75.54704680,191,0.00000,0.00000,0,0
391184,6.24058870,-75.54704680,191,0.00000,0.00000,0,0
392183,6.24058870,-75.54704680,191,0.00000,0.00000,0,0
393184,6.24058870,-75.54704680,191,0.00000,0.00000,0,0
394181,6.24058870,-75.54704680,191,0.00000,0.00000,0,0
395228,6.24059150,-75.54704710,227,0.00000,0.00000,0,0
396232,6.24059150,-75.54704710,227,0.00000,0.00000,0,0
397231,6.24059150,-75.54704710,227,0.00000,0.00000,0,0
398281,6.24059150,-75.54704710,227,0.00000,0.00000,0,0
399281,6.24059150,-75.54704710,227,0.00000,0.00000,0,0
400285,6.24256790,-75.54859490,900,0.00000,0.00000,0,0
401280,6.24256790,-75.54859490,900,0.00000,0.00000,0,0
402280,6.24256790,-75.54859490,900,0.00000,0.00000,0,0
403281,6.24256790,-75.54859490,900,0.00000,0.00000,0,0
404281,6.24256790,-75.54859490,900,0.00000,0.00000,0,0
405283,6.24256790,-75.54859490,900,0.00000,0.00000,0,0
406330,6.24256790,-75.54859490,900,0.00000,0.00000,0,0
407381,6.24256790,-75.54859490,900,0.00000,0.00000,0,0
408380,6.24256790,-75.54859490,900,0.00000,0.00000,0,0
409431,6.24256790,-75.54859490,900,0.00000,0.00000,0,0
410431,6.24256790,-75.54859490,900,0.00000,0.00000,0,0
411481,6.24256790,-75.54859490,900,0.00000,0.00000,0,0
412481,6.24256790,-75.54859490,900,0.00000,0.00000,0,0
413531,6.24256790,-75.54859490,900,0.00000,0.00000,0,0
414580,6.24256790,-75.54859490,900,0.00000,0.00000,0,0
415584,6.24256790,-75.54859490,900,0.00000,0.00000,0,0
416583,6.24256790,-75.54859490,900,0.00000,0.00000,0,0
417630,6.24256790,-75.54859490,900,0.00000,0.00000,0,0
418633,6.24256790,-75.54859490,900,0.00000,0.00000,0,0
419628,6.24256790,-75.54859490,900,0.00000,0.00000,0,0
420628,6.24256790,-75.54859490,900,0.00000,0.00000,0,0
421626,6.24256790,-75.54859490,900,0.00000,0.00000,0,0
422676,6.21802780,-75.59819970,31,0.00000,0.00000,0,0
423677,6.21802780,-75.59819970,31,0.00000,0.00000,0,0
424726,6.21802780,-75.59819970,63,0.00000,0.00000,0,0
425727,6.21802780,-75.59819970,63,0.00000,0.00000,0,0
426729,6.21802780,-75.59819970,63,0.00000,0.00000,0,0
427730,6.21802780,-75.59819970,63,0.00000,0.00000,0,0
428731,6.21802780,-75.59819970,63,0.00000,0.00000,0,0
429737,6.21802780,-75.59819970,63,0.00000,0.00000,0,0
430733,6.21802780,-75.59819970,31,0.00000,0.00000,0,0
431731,6.21802780,-75.59819970,31,0.00000,0.00000,0,0
432733,6.21802780,-75.59819970,31,0.00000,0.00000,0,0
433730,6.21802780,-75.59819970,31,0.00000,0.00000,0,0
434738,6.21802780,-75.59819970,31,0.00000,0.00000,0,0
435730,6.21802780,-75.59819970,27,0.00000,0.00000,0,0
436732,6.21802780,-75.59819970,27,0.00000,0.00000,0,0
437730,6.21802780,-75.59819970,27,0.00000,0.00000,0,0
438730,6.21802780,-75.59819970,27,0.00000,0.00000,0,0
439732,6.21802780,-75.59819970,27,0.00000,0.00000,0,0
440731,6.21802780,-75.59819970,27,0.00000,0.00000,0,0
441781,6.24009300,-75.55335540,46,0.00000,0.00000,0,0
442784,6.24009300,-75.55335540,46,0.00000,0.00000,0,0
443831,6.24009300,-75.55335540,46,0.00000,0.00000,0,0
444836,6.24009300,-75.55335540,46,0.00000,0.00000,0,0
445830,6.24146770,-75.55056160,97,0.00000,0.00000,0,0
446830,6.24146770,-75.55056160,97,0.00000,0.00000,0,0
447833,6.24146770,-75.55056160,97,0.00000,0.00000,0,0
448882,6.24146770,-75.55056160,97,0.00000,0.00000,0,0
449929,6.21864200,-75.59695140,33,0.00000,0.00000,0,0
450930,6.21864200,-75.59695140,33,0.00000,0.00000,0,0
451929,6.21864200,-75.59695140,33,0.00000,0.00000,0,0
452930,6.21864200,-75.59695140,33,0.00000,0.00000,0,0
453930,6.21864200,-75.59695140,33,0.00000,0.00000,0,0
454930,6.21864200,-75.59695140,33,0.00000,0.00000,0,0
455930,6.21804920,-75.59815610,35,0.00000,0.00000,0,0
456930,6.21804920,-75.59815610,35,0.00000,0.00000,0,0
457933,6.21804920,-75.59815610,35,0.00000,0.00000,0,0
458930,6.21804920,-75.59815610,35,0.00000,0.00000,0,0
459937,6.21804920,-75.59815610,35,0.00000,0.00000,0,0
460981,6.21803210,-75.59819100,82,0.00000,0.00000,0,0
461981,6.21803210,-75.59819100,82,0.00000,0.00000,0,0
462982,6.21803210,-75.59819100,82,0.00000,0.00000,0,0
463981,6.21803210,-75.59819100,82,0.00000,0.00000,0,0
464987,6.21803210,-75.59819100,82,0.00000,0.00000,0,0
466031,6.21802800,-75.59819920,49,0.00000,0.00000,0,0
467081,6.21802800,-75.59819920,49,0.00000,0.00000,0,0
468081,6.21802800,-75.59819920,49,0.00000,0.00000,0,0
469081,6.21802800,-75.59819920,49,0.00000,0.00000,0,0
470081,6.21802800,-75.59819920,49,0.00000,0.00000,0,0
471080,6.21802780,-75.59819960,75,0.00000,0.00000,0,0
472083,6.21802780,-75.59819960,75,0.00000,0.00000,0,0
473080,6.21802780,-75.59819960,75,0.00000,0.00000,0,0
474081,6.21802780,-75.59819960,75,0.00000,0.00000,0,0
475084,6.21802780,-75.59819960,75,0.00000,0.00000,0,0
476082,6.21802780,-75.59819970,43,0.00000,0.00000,0,0
477082,6.21802780,-75.59819970,43,0.00000,0.00000,0,0
478082,6.21802780,-75.59819970,43,0.00000,0.00000,0,0
479130,6.21802780,-75.59819970,43,0.00000,0.00000,0,0
480134,6.21802780,-75.59819970,43,0.00000,0.00000,0,0
481181,6.21802780,-75.59819970,35,0.00000,0.00000,0,0
482181,6.21802780,-75.59819970,35,0.00000,0.00000,0,0
483182,6.21802780,-75.59819970,35,0.00000,0.00000,0,0
484181,6.21802780,-75.59819970,35,0.00000,0.00000,0,0
485179,6.21802780,-75.59819970,35,0.00000,0.00000,0,0
486181,6.21802780,-75.59819970,31,0.00000,0.00000,0,0
487183,6.21802780,-75.59819970,31,0.00000,0.00000,0,0
488181,6.21802780,-75.59819970,31,0.00000,0.00000,0,0
489181,6.21802780,-75.59819970,31,0.00000,0.00000,0,0
490186,6.21802780,-75.59819970,31,0.00000,0.00000,0,0
491181,6.21802780,-75.59819970,20,0.00000,0.00000,0,0
492230,6.21802780,-75.59819970,20,0.00000,0.00000,0,0
493231,6.21802780,-75.59819970,20,0.00000,0.00000,0,0
494281,6.21802780,-75.59819970,20,0.00000,0.00000,0,0
495282,6.21802780,-75.59819970,20,0.00000,0.00000,0,0
496333,6.21802780,-75.59819970,19,0.00000,0.00000,0,0
497331,6.21802780,-75.59819970,19,0.00000,0.00000,0,0
498330,6.21802780,-75.59819970,19,0.00000,0.00000,0,0
499330,6.21802780,-75.59819970,19,0.00000,0.00000,0,0
500330,6.21802780,-75.59819970,19,0.00000,0.00000,0,0
501381,6.24148020,-75.55067630,29,0.00000,0.00000,0,0
502383,6.24148020,-75.55067630,29,0.00000,0.00000,0,0
503381,6.24148020,-75.55067630,29,0.00000,0.00000,0,0
504381,6.24148020,-75.55067630,29,0.00000,0.00000,0,0
505392,6.24148020,-75.55067630,29,0.00000,0.00000,0,0
506382,6.24148020,-75.55067630,29,0.00000,0.00000,0,0
507382,6.24148020,-75.55067630,29,0.00000,0.00000,0,0
508431,6.24148020,-75.55067630,29,0.00000,0.00000,0,0
509430,6.24148020,-75.55067630,29,0.00000,0.00000,0,0
510432,6.24148020,-75.55067630,29,0.00000,0.00000,0,0
511478,6.24193850,-75.54966170,34,0.00000,0.00000,0,0
512483,6.24193850,-75.54966170,34,0.00000,0.00000,0,0
513530,6.24193850,-75.54966170,34,0.00000,0.00000,0,0
514528,6.24193850,-75.54966170,34,0.00000,0.00000,0,0
515531,6.24156130,-75.54959790,39,0.00000,0.00000,0,0
516583,6.24156130,-75.54959790,39,0.00000,0.00000,0,0
517581,6.24156130,-75.54959790,39,0.00000,0.00000,0,0
518631,6.24156130,-75.54959790,39,0.00000,0.00000,0,0
519628,6.24156130,-75.54959790,39,0.00000,0.00000,0,0
520627,6.24192790,-75.54974560,34,0.00000,0.00000,0,0
521630,6.24192790,-75.54974560,34,0.00000,0.00000,0,0
522630,6.24192790,-75.54974560,34,0.00000,0.00000,0,0
523681,6.24192790,-75.54974560,34,0.00000,0.00000,0,0
524677,6.24192790,-75.54974560,34,0.00000,0.00000,0,0
525676,6.24188260,-75.54982700,34,0.00000,0.00000,0,0
526680,6.24188260,-75.54982700,34,0.00000,0.00000,0,0
527681,6.24188260,-75.54982700,34,0.00000,0.00000,0,0
528683,6.24188260,-75.54982700,34,0.00000,0.00000,0,0
529679,6.24188260,-75.54982700,34,0.00000,0.00000,0,0
530679,6.24188260,-75.54982700,34,0.00000,0.00000,0,0
531677,6.24233900,-75.54996640,61,0.00000,0.00000,0,0
532720,6.24233900,-75.54996640,61,0.00000,0.00000,0,0
533682,6.24233900,-75.54996640,61,0.00000,0.00000,0,0
534683,6.24233900,-75.54996640,61,0.00000,0.00000,0,0
535728,6.24233900,-75.54996640,61,0.00000,0.00000,0,0
536734,6.24204140,-75.55029310,28,0.00000,0.00000,0,0
537781,6.24204140,-75.55029310,28,0.00000,0.00000,0,0
538783,6.24204140,-75.55029310,28,0.00000,0.00000,0,0
539782,6.24204140,-75.55029310,28,0.00000,0.00000,0,0
540780,6.24204140,-75.55029310,28,0.00000,0.00000,0,0
541781,6.24217410,-75.55057470,32,0.00000,0.00000,0,0
542783,6.24217410,-75.55057470,32,0.00000,0.00000,0,0
543782,6.24217410,-75.55057470,32,0.00000,0.00000,0,0
544833,6.24217410,-75.55057470,32,0.00000,0.00000,0,0
546130,6.24217410,-75.55057470,32,0.00000,0.00000,0,0
547133,6.24227840,-75.55078100,29,0.00000,0.00000,0,0
548131,6.24227840,-75.55078100,29,0.00000,0.00000,0,0
549130,6.24227840,-75.55078100,29,0.00000,0.00000,0,0
550131,6.24227840,-75.55078100,29,0.00000,0.00000,0,0
551134,6.24227840,-75.55078100,29,0.00000,0.00000,0,0
552131,6.24227840,-75.55078100,29,0.00000,0.00000,0,0
553180,6.24227840,-75.55078100,29,0.00000,0.00000,0,0
554179,6.24227840,-75.55078100,29,0.00000,0.00000,0,0
555181,6.24227840,-75.55078100,29,0.00000,0.00000,0,0
556232,6.24227840,-75.55078100,29,0.00000,0.00000,0,0
557233,6.24229550,-75.55074800,36,1571.50000,0.00000,0,0
558231,6.24229550,-75.55074800,36,1571.50000,0.00000,0,0
559231,6.24229550,-75.55074800,36,1571.50000,0.00000,0,0
560233,6.24229550,-75.55074800,36,1571.50000,0.00000,0,0
561280,6.24229550,-75.55074800,36,1571.50000,0.00000,0,0
562283,6.24206450,-75.55111250,32,1577.40002,0.00000,0,0
563332,6.24206450,-75.55111250,32,1577.40002,0.00000,0,0
564381,6.24206450,-75.55111250,32,1577.40002,0.00000,0,0
565380,6.24206450,-75.55111250,32,1577.40002,0.00000,0,0
566384,6.24206450,-75.55111250,32,1577.40002,0.00000,0,0
567432,6.24176150,-75.55136000,31,1570.59998,0.00000,0,0
568432,6.24176150,-75.55136000,31,1570.59998,0.00000,0,0
569481,6.24176150,-75.55136000,31,1570.59998,0.00000,0,0
570527,6.24176150,-75.55136000,31,1570.59998,0.00000,0,0
571529,6.24176150,-75.55136000,31,1570.59998,0.00000,0,0
572581,6.24176150,-75.55136000,31,1570.59998,0.00000,0,0
573632,6.24146180,-75.55144010,28,1571.19995,0.00000,0,0
574681,6.24146180,-75.55144010,28,1571.19995,0.00000,0,0
575678,6.24146180,-75.55144010,28,1571.19995,0.00000,0,0
576730,6.24117010,-75.55156430,29,0.00000,0.00000,0,0
577731,6.24117010,-75.55156430,29,0.00000,0.00000,0,0
578731,6.24117010,-75.55156430,29,0.00000,0.00000,0,0
579780,6.24117010,-75.55156430,29,0.00000,0.00000,0,0
580776,6.24117010,-75.55156430,29,0.00000,0.00000,0,0
581778,6.24111480,-75.55173270,29,0.00000,0.00000,0,0
582777,6.24111480,-75.55173270,29,0.00000,0.00000,0,0
583781,6.24111480,-75.55173270,29,0.00000,0.00000,0,0
584780,6.24111480,-75.55173270,29,0.00000,0.00000,0,0
585781,6.24111480,-75.55173270,29,0.00000,0.00000,0,0
586785,6.24086180,-75.55170510,33,0.00000,0.00000,0,0
587825,6.24086180,-75.55170510,33,0.00000,0.00000,0,0
588834,6.24086180,-75.55170510,33,0.00000,0.00000,0,0
589834,6.24086180,-75.55170510,33,0.00000,0.00000,0,0
590830,6.24086180,-75.55170510,33,0.00000,0.00000,0,0
591837,6.24067980,-75.55185510,29,1574.80005,0.00000,0,0
592881,6.24067980,-75.55185510,29,1574.80005,0.00000,0,0
593881,6.24067980,-75.55185510,29,1574.80005,0.00000,0,0
594881,6.24067980,-75.55185510,29,1574.80005,0.00000,0,0
595934,6.24067980,-75.55185510,29,1574.80005,0.00000,0,0
596932,6.24039860,-75.55190360,53,0.00000,0.00000,0,0
597931,6.24039860,-75.55190360,53,0.00000,0.00000,0,0
598927,6.24039860,-75.55190360,53,0.00000,0.00000,0,0
600019,6.24039860,-75.55190360,53,0.00000,0.00000,0,0
600981,6.24039860,-75.55190360,53,0.00000,0.00000,0,0
601982,6.24053390,-75.55236660,31,0.00000,0.00000,0,0
602983,6.24053390,-75.55236660,31,0.00000,0.00000,0,0
603980,6.24053390,-75.55236660,31,0.00000,0.00000,0,0
604982,6.24053390,-75.55236660,31,0.00000,0.00000,0,0
605982,6.24053390,-75.55236660,31,0.00000,0.00000,0,0
607028,6.24053390,-75.55236660,31,0.00000,0.00000,0,0
608031,6.24053390,-75.55236660,31,0.00000,0.00000,0,0
609032,6.24053390,-75.55236660,31,0.00000,0.00000,0,0
610031,6.24071280,-75.55254270,33,0.00000,0.00000,0,0
611081,6.24071280,-75.55254270,33,0.00000,0.00000,0,0
612087,6.24071280,-75.55254270,33,0.00000,0.00000,0,0
613081,6.24082460,-75.55284740,31,0.00000,0.00000,0,0
614080,6.24082460,-75.55284740,31,0.00000,0.00000,0,0
615082,6.24082460,-75.55284740,31,0.00000,0.00000,0,0
616081,6.24082460,-75.55284740,31,0.00000,0.00000,0,0
617080,6.24082460,-75.55284740,31,0.00000,0.00000,0,0
618131,6.24116700,-75.55320240,37,0.00000,0.00000,0,0
619183,6.24116700,-75.55320240,37,0.00000,0.00000,0,0
620183,6.24116700,-75.55320240,37,0.00000,0.00000,0,0
621180,6.24116700,-75.55320240,37,0.00000,0.00000,0,0
622183,6.24116700,-75.55320240,37,0.00000,0.00000,0,0
623183,6.24113890,-75.55339220,34,0.00000,0.00000,0,0
624182,6.24113890,-75.55339220,34,0.00000,0.00000,0,0
625232,6.24113890,-75.55339220,34,0.00000,0.00000,0,0
626232,6.24113890,-75.55339220,34,0.00000,0.00000,0,0
627281,6.24113890,-75.55339220,34,0.00000,0.00000,0,0
628283,6.24113890,-75.55339220,34,0.00000,0.00000,0,0
629282,6.24133450,-75.55379940,29,0.00000,0.00000,0,0
630281,6.24133450,-75.55379940,29,0.00000,0.00000,0,0
631285,6.24133450,-75.55379940,29,0.00000,0.00000,0,0
632281,6.24133450,-75.55379940,29,0.00000,0.00000,0,0
633335,6.24145660,-75.55385750,50,0.00000,0.00000,0,0
634384,6.24145660,-75.55385750,50,0.00000,0.00000,0,0
635382,6.24145660,-75.55385750,50,0.00000,0.00000,0,0
636428,6.24145660,-75.55385750,50,0.00000,0.00000,0,0
637434,6.24145660,-75.55385750,50,0.00000,0.00000,0,0
638432,6.24145660,-75.55385750,50,0.00000,0.00000,0,0
639480,6.24132860,-75.55370860,39,0.00000,0.00000,0,0
640481,6.24132860,-75.55370860,39,0.00000,0.00000,0,0
641480,6.24132860,-75.55370860,39,0.00000,0.00000,0,0
642477,6.24136400,-75.55387700,81,0.00000,0.00000,0,0
643484,6.24136400,-75.55387700,81,0.00000,0.00000,0,0
644481,6.24136400,-75.55387700,81,0.00000,0.00000,0,0
645531,6.24136400,-75.55387700,81,0.00000,0.00000,0,0
646529,6.24136400,-75.55387700,81,0.00000,0.00000,0,0
647535,6.24132760,-75.55391540,140,0.00000,0.00000,0,0
648532,6.24132760,-75.55391540,140,0.00000,0.00000,0,0
649531,6.24132760,-75.55391540,140,0.00000,0.00000,0,0
650532,6.24132760,-75.55391540,140,0.00000,0.00000,0,0
651530,6.24132760,-75.55391540,140,0.00000,0.00000,0,0
652577,6.24131340,-75.55393030,170,0.00000,0.00000,0,0
653583,6.24131340,-75.55393030,170,0.00000,0.00000,0,0
654585,6.24131340,-75.55393030,170,0.00000,0.00000,0,0
655589,6.24131340,-75.55393030,170,0.00000,0.00000,0,0
656578,6.24131340,-75.55393030,170,0.00000,0.00000,0,0
657627,6.22013820,-75.59418750,74,0.00000,0.00000,0,0
658682,6.22013820,-75.59418750,74,0.00000,0.00000,0,0
659731,6.22013820,-75.59418750,74,0.00000,0.00000,0,0
660730,6.22013820,-75.59418750,74,0.00000,0.00000,0,0
661727,6.22013820,-75.59418750,74,0.00000,0.00000,0,0
662781,6.22013820,-75.59418750,74,0.00000,0.00000,0,0
663783,6.21839620,-75.59749930,84,0.00000,0.00000,0,0
664783,6.21839620,-75.59749930,84,0.00000,0.00000,0,0
665834,6.21839620,-75.59749930,84,0.00000,0.00000,0,0
666826,6.21839620,-75.59749930,84,0.00000,0.00000,0,0
667831,6.23964880,-75.55780870,50,0.00000,0.00000,0,0
668833,6.23964880,-75.55780870,50,0.00000,0.00000,0,0
669835,6.23964880,-75.55780870,50,0.00000,0.00000,0,0
670831,6.23964880,-75.55780870,50,0.00000,0.00000,0,0
671831,6.23964880,-75.55780870,50,0.00000,0.00000,0,0
672881,6.24180230,-75.55481460,36,0.00000,0.00000,0,0
673882,6.24180230,-75.55481460,36,0.00000,0.00000,0,0
674880,6.24180230,-75.55481460,36,0.00000,0.00000,0,0
675882,6.24180230,-75.55481460,36,0.00000,0.00000,0,0
676891,6.24180230,-75.55481460,36,0.00000,0.00000,0,0
677876,6.24205500,-75.55495970,39,0.00000,0.00000,0,0
678881,6.24205500,-75.55495970,39,0.00000,0.00000,0,0
679884,6.24205500,-75.55495970,39,0.00000,0.00000,0,0
680882,6.24205500,-75.55495970,39,0.00000,0.00000,0,0
681877,6.24205500,-75.55495970,39,0.00000,0.00000,0,0
682882,6.24205500,-75.55495970,39,0.00000,0.00000,0,0
683880,6.24205500,-75.55495970,39,0.00000,0.00000,0,0
684881,6.24205500,-75.55495970,39,0.00000,0.00000,0,0
685881,6.24205500,-75.55495970,39,0.00000,0.00000,0,0
686877,6.24205500,-75.55495970,39,0.00000,0.00000,0,0
687881,6.24203520,-75.55538650,35,0.00000,0.00000,0,0
688881,6.24203520,-75.55538650,35,0.00000,0.00000,0,0
689879,6.24203520,-75.55538650,35,0.00000,0.00000,0,0
690934,6.24203520,-75.55538650,35,0.00000,0.00000,0,0
691978,6.24203520,-75.55538650,35,0.00000,0.00000,0,0
693036,6.24224240,-75.55552500,32,1569.69995,0.00000,0,0
693976,6.24224240,-75.55552500,32,1569.69995,0.00000,0,0
694979,6.24224240,-75.55552500,32,1569.69995,0.00000,0,0
695980,6.24224240,-75.55552500,32,1569.69995,0.00000,0,0
696981,6.24224240,-75.55552500,32,1569.69995,0.00000,0,0
698100,6.24224240,-75.55552500,32,1569.69995,0.00000,0,0
699132,6.24230910,-75.55565750,38,1569.19995,0.00000,0,0
700180,6.24230910,-75.55565750,38,1569.19995,0.00000,0,0
701180,6.24230910,-75.55565750,38,1569.19995,0.00000,0,0
702181,6.24230910,-75.55565750,38,1569.19995,0.00000,0,0
703184,6.24230910,-75.55565750,38,1569.19995,0.00000,0,0
704181,6.24232210,-75.55562870,33,1569.19995,0.00000,0,0
705181,6.24232210,-75.55562870,33,1569.19995,0.00000,0,0
706235,6.24232210,-75.55562870,33,1569.19995,0.00000,0,0
707233,6.24232210,-75.55562870,33,1569.19995,0.00000,0,0
708231,6.24232210,-75.55562870,33,1569.19995,0.00000,0,0
709231,6.24229880,-75.55566010,35,0.00000,0.00000,0,0
710232,6.24229880,-75.55566010,35,0.00000,0.00000,0,0
711281,6.24229880,-75.55566010,35,0.00000,0.00000,0,0
712280,6.24229880,-75.55566010,35,0.00000,0.00000,0,0
713281,6.24229880,-75.55566010,35,0.00000,0.00000,0,0
714332,6.24259280,-75.55604090,39,0.00000,0.00000,0,0
715332,6.24259280,-75.55604090,39,0.00000,0.00000,0,0
716331,6.24259280,-75.55604090,39,0.00000,0.00000,0,0
717332,6.24259280,-75.55604090,39,0.00000,0.00000,0,0
718388,6.24259280,-75.55604090,39,0.00000,0.00000,0,0
719382,6.24258780,-75.55637830,29,0.00000,0.00000,0,0
720381,6.24258780,-75.55637830,29,0.00000,0.00000,0,0
721431,6.24258780,-75.55637830,29,0.00000,0.00000,0,0
722432,6.24258780,-75.55637830,29,0.00000,0.00000,0,0
723435,6.24258780,-75.55637830,29,0.00000,0.00000,0,0
724431,6.24278490,-75.55665810,29,1563.09998,0.00000,0,0
725432,6.24278490,-75.55665810,29,1563.09998,0.00000,0,0
726431,6.24278490,-75.55665810,29,1563.09998,0.00000,0,0
727433,6.24278490,-75.55665810,29,1563.09998,0.00000,0,0
728484,6.24278490,-75.55665810,29,1563.09998,0.00000,0,0
729531,6.24313310,-75.55687620,30,0.00000,0.00000,0,0
730532,6.24313310,-75.55687620,30,0.00000,0.00000,0,0
731527,6.24313310,-75.55687620,30,0.00000,0.00000,0,0
732532,6.24313310,-75.55687620,30,0.00000,0.00000,0,0
733539,6.24313310,-75.55687620,30,0.00000,0.00000,0,0
734533,6.24313110,-75.55729290,34,1580.40002,0.00000,0,0
735532,6.24313110,-75.55729290,34,1580.40002,0.00000,0,0
736531,6.24313110,-75.55729290,34,1580.40002,0.00000,0,0
737582,6.24313110,-75.55729290,34,1580.40002,0.00000,0,0
738580,6.24313110,-75.55729290,34,1580.40002,0.00000,0,0
739581,6.24323210,-75.55746190,29,0.00000,0.00000,0,0
740631,6.24323210,-75.55746190,29,0.00000,0.00000,0,0
741680,6.24323210,-75.55746190,29,0.00000,0.00000,0,0
742679,6.24323210,-75.55746190,29,0.00000,0.00000,0,0
743727,6.24340160,-75.55770090,36,0.00000,0.00000,0,0
744728,6.24340160,-75.55770090,36,0.00000,0.00000,0,0
745732,6.24340160,-75.55770090,36,0.00000,0.00000,0,0
746731,6.24340160,-75.55770090,36,0.00000,0.00000,0,0
747728,6.24340160,-75.55770090,36,0.00000,0.00000,0,0
748729,6.24340160,-75.55770090,36,0.00000,0.00000,0,0
749782,6.24340160,-75.55770090,36,0.00000,0.00000,0,0
750781,6.24359820,-75.55800940,35,0.00000,0.00000,0,0
751830,6.24359820,-75.55800940,35,0.00000,0.00000,0,0
752830,6.24359820,-75.55800940,35,0.00000,0.00000,0,0
753830,6.24359820,-75.55800940,35,0.00000,0.00000,0,0
754830,6.24385560,-75.55866190,35,0.00000,0.00000,0,0
755830,6.24385560,-75.55866190,35,0.00000,0.00000,0,0
756832,6.24385560,-75.55866190,35,0.00000,0.00000,0,0
757884,6.24385560,-75.55866190,35,0.00000,0.00000,0,0
758883,6.24385560,-75.55866190,35,0.00000,0.00000,0,0
759881,6.24364620,-75.55896570,64,0.00000,0.00000,0,0
760881,6.24364620,-75.55896570,64,0.00000,0.00000,0,0
761883,6.24364620,-75.55896570,64,0.00000,0.00000,0,0
762880,6.24364620,-75.55896570,64,0.00000,0.00000,0,0
763893,6.24364620,-75.55896570,64,0.00000,0.00000,0,0
764882,6.24384980,-75.55893600,120,0.00000,0.00000,0,0
765882,6.24384980,-75.55893600,120,0.00000,0.00000,0,0
766930,6.24384980,-75.55893600,120,0.00000,0.00000,0,0
767986,6.24384980,-75.55893600,120,0.00000,0.00000,0,0
769031,6.24384980,-75.55893600,120,0.00000,0.00000,0,0
770031,6.24392800,-75.55882450,44,0.00000,0.00000,0,0
771081,6.24392800,-75.55882450,44,0.00000,0.00000,0,0
772082,6.24392800,-75.55882450,44,0.00000,0.00000,0,0
773131,6.24392800,-75.55882450,44,0.00000,0.00000,0,0
774134,6.24403520,-75.55881190,47,0.00000,0.00000,0,0
775181,6.24403520,-75.55881190,47,0.00000,0.00000,0,0
776230,6.24403520,-75.55881190,47,0.00000,0.00000,0,0
777230,6.24403520,-75.55881190,47,0.00000,0.00000,0,0
778230,6.24403520,-75.55881190,47,0.00000,0.00000,0,0
779233,6.24434890,-75.55886450,61,0.00000,0.00000,0,0
780230,6.24434890,-75.55886450,61,0.00000,0.00000,0,0
781230,6.24434890,-75.55886450,61,0.00000,0.00000,0,0
782231,6.24434890,-75.55886450,61,0.00000,0.00000,0,0
783280,6.24434890,-75.55886450,61,0.00000,0.00000,0,0
784284,6.24400160,-75.55891430,33,0.00000,0.00000,0,0
785281,6.24400160,-75.55891430,33,0.00000,0.00000,0,0
786279,6.24400160,-75.55891430,33,0.00000,0.00000,0,0
787281,6.24400160,-75.55891430,33,0.00000,0.00000,0,0
788326,6.24400160,-75.55891430,33,0.00000,0.00000,0,0
789331,6.24394220,-75.55881420,89,0.00000,0.00000,0,0
790381,6.24394220,-75.55881420,89,0.00000,0.00000,0,0
791381,6.24394220,-75.55881420,89,0.00000,0.00000,0,0
792380,6.24394220,-75.55881420,89,0.00000,0.00000,0,0
793382,6.24394220,-75.55881420,89,0.00000,0.00000,0,0
794380,6.24394220,-75.55881420,89,0.00000,0.00000,0,0
795382,6.24383140,-75.55903340,119,0.00000,0.00000,0,0
796381,6.24383140,-75.55903340,119,0.00000,0.00000,0,0
797384,6.24383140,-75.55903340,119,0.00000,0.00000,0,0
798381,6.24383140,-75.55903340,119,0.00000,0.00000,0,0
799384,6.24390130,-75.55901500,33,0.00000,0.00000,0,0
800385,6.24390130,-75.55901500,33,0.00000,0.00000,0,0
801381,6.24390130,-75.55901500,33,0.00000,0.00000,0,0
802382,6.24390130,-75.55901500,33,0.00000,0.00000,0,0
803429,6.24390130,-75.55901500,33,0.00000,0.00000,0,0
804431,6.24404960,-75.55930080,33,0.00000,0.00000,0,0
805481,6.24404960,-75.55930080,33,0.00000,0.00000,0,0
806482,6.24404960,-75.55930080,33,0.00000,0.00000,0,0
807482,6.24404960,-75.55930080,33,0.00000,0.00000,0,0
808482,6.24404960,-75.55930080,33,0.00000,0.00000,0,0
809485,6.24404960,-75.55930080,33,0.00000,0.00000,0,0
810531,6.24404960,-75.55930080,33,0.00000,0.00000,0,0
811533,6.24404960,-75.55930080,33,0.00000,0.00000,0,0
812577,6.24433200,-75.55959320,29,0.00000,0.00000,0,0
813582,6.24433200,-75.55959320,29,0.00000,0.00000,0,0
814626,6.24433200,-75.55959320,29,0.00000,0.00000,0,0
815651,6.24433200,-75.55959320,29,0.00000,0.00000,0,0
816627,6.24433200,-75.55959320,29,0.00000,0.00000,0,0
817627,6.24433200,-75.55959320,29,0.00000,0.00000,0,0
818628,6.24433200,-75.55959320,29,0.00000,0.00000,0,0
819677,6.24433200,-75.55959320,29,0.00000,0.00000,0,0
820677,6.24467320,-75.56030010,34,0.00000,0.00000,0,0
821680,6.24467320,-75.56030010,34,0.00000,0.00000,0,0
822680,6.24467320,-75.56030010,34,0.00000,0.00000,0,0
823736,6.24467320,-75.56030010,34,0.00000,0.00000,0,0
824735,6.24467320,-75.56030010,34,0.00000,0.00000,0,0
825730,6.24467320,-75.56030010,34,0.00000,0.00000,0,0
826732,6.24484690,-75.56063550,34,1530.90002,0.00000,0,0
827731,6.24484690,-75.56063550,34,1530.90002,0.00000,0,0
828782,6.24484690,-75.56063550,34,1530.90002,0.00000,0,0
829785,6.24484690,-75.56063550,34,1530.90002,0.00000,0,0
830834,6.24484690,-75.56063550,34,1530.90002,0.00000,0,0
831837,6.24490920,-75.56095580,33,1530.19995,0.00000,0,0
832830,6.24490920,-75.56095580,33,1530.19995,0.00000,0,0
833831,6.24490920,-75.56095580,33,1530.19995,0.00000,0,0
834834,6.24490920,-75.56095580,33,1530.19995,0.00000,0,0
835831,6.24490920,-75.56095580,33,1530.19995,0.00000,0,0
836832,6.24514630,-75.56120100,33,1529.30005,0.00000,0,0
837831,6.24514630,-75.56120100,33,1529.30005,0.00000,0,0
838832,6.24514630,-75.56120100,33,1529.30005,0.00000,0,0
839831,6.24514630,-75.56120100,33,1529.30005,0.00000,0,0
840882,6.24514630,-75.56120100,33,1529.30005,0.00000,0,0
841930,6.24522200,-75.56159020,39,1528.19995,0.00000,0,0
842933,6.24522200,-75.56159020,39,1528.19995,0.00000,0,0
843982,6.24522200,-75.56159020,39,1528.19995,0.00000,0,0
844989,6.24522200,-75.56159020,39,1528.19995,0.00000,0,0
845981,6.24522200,-75.56159020,39,1528.19995,0.00000,0,0
846977,6.24544240,-75.56197850,28,1527.50000,0.00000,0,0
847981,6.24544240,-75.56197850,28,1527.50000,0.00000,0,0
848982,6.24544240,-75.56197850,28,1527.50000,0.00000,0,0
849981,6.24544240,-75.56197850,28,1527.50000,0.00000,0,0
850984,6.24544240,-75.56197850,28,1527.50000,0.00000,0,0
851982,6.24542580,-75.56172120,57,0.00000,0.00000,0,0
852984,6.24542580,-75.56172120,57,0.00000,0.00000,0,0
854031,6.24542580,-75.56172120,57,0.00000,0.00000,0,0
855085,6.24542580,-75.56172120,57,0.00000,0.00000,0,0
856078,6.24542580,-75.56172120,57,0.00000,0.00000,0,0
857080,6.24542580,-75.56172120,57,0.00000,0.00000,0,0
858081,6.24539760,-75.56176880,34,0.00000,0.00000,0,0
859083,6.24539760,-75.56176880,34,0.00000,0.00000,0,0
860134,6.24539760,-75.56176880,34,0.00000,0.00000,0,0
861178,6.24545150,-75.56187710,94,0.00000,0.00000,0,0
862184,6.24545150,-75.56187710,94,0.00000,0.00000,0,0
863181,6.24545150,-75.56187710,94,0.00000,0.00000,0,0
864232,6.24545150,-75.56187710,94,0.00000,0.00000,0,0
865278,6.24545150,-75.56187710,94,0.00000,0.00000,0,0
866277,6.24542640,-75.56170800,62,0.00000,0.00000,0,0
867282,6.24542640,-75.56170800,62,0.00000,0.00000,0,0
868331,6.24542640,-75.56170800,62,0.00000,0.00000,0,0
869330,6.24542640,-75.56170800,62,0.00000,0.00000,0,0
870327,6.24542640,-75.56170800,62,0.00000,0.00000,0,0
871328,6.24538020,-75.56193740,101,0.00000,0.00000,0,0
872334,6.24538020,-75.56193740,101,0.00000,0.00000,0,0
873333,6.24538020,-75.56193740,101,0.00000,0.00000,0,0
874335,6.24538020,-75.56193740,101,0.00000,0.00000,0,0
875327,6.24538020,-75.56193740,101,0.00000,0.00000,0,0
876479,6.24538020,-75.56193740,101,0.00000,0.00000,0,0
877351,6.24534940,-75.56183140,102,0.00000,0.00000,0,0
878326,6.24534940,-75.56183140,102,0.00000,0.00000,0,0
879329,6.24534940,-75.56183140,102,0.00000,0.00000,0,0
880433,6.24534940,-75.56183140,102,0.00000,0.00000,0,0
881326,6.24544040,-75.56189450,106,0.00000,0.00000,0,0
882327,6.24544040,-75.56189450,106,0.00000,0.00000,0,0
883328,6.24544040,-75.56189450,106,0.00000,0.00000,0,0
884327,6.24544040,-75.56189450,106,0.00000,0.00000,0,0
885326,6.24544040,-75.56189450,106,0.00000,0.00000,0,0
886336,6.24544040,-75.56189450,106,0.00000,0.00000,0,0
887333,6.24563220,-75.56206600,41,0.00000,0.00000,0,0
888327,6.24563220,-75.56206600,41,0.00000,0.00000,0,0
889332,6.24563220,-75.56206600,41,0.00000,0.00000,0,0
890329,6.24563220,-75.56206600,41,0.00000,0.00000,0,0
891336,6.24563220,-75.56206600,41,0.00000,0.00000,0,0
892379,6.24572250,-75.56234820,29,1525.90002,0.00000,0,0
893427,6.24572250,-75.56234820,29,1525.90002,0.00000,0,0
894428,6.24572250,-75.56234820,29,1525.90002,0.00000,0,0
895429,6.24572250,-75.56234820,29,1525.90002,0.00000,0,0
896427,6.24572250,-75.56234820,29,1525.90002,0.00000,0,0
897430,6.24587190,-75.56257320,28,1527.00000,0.00000,0,0
898429,6.24587190,-75.56257320,28,1527.00000,0.00000,0,0
899431,6.24587190,-75.56257320,28,1527.00000,0.00000,0,0
900433,6.24587190,-75.56257320,28,1527.00000,0.00000,0,0
901430,6.24587190,-75.56257320,28,1527.00000,0.00000,0,0
902504,6.24594820,-75.56286150,55,0.00000,0.00000,0,0
903430,6.24594820,-75.56286150,55,0.00000,0.00000,0,0
904431,6.24594820,-75.56286150,55,0.00000,0.00000,0,0
905430,6.24594820,-75.56286150,55,0.00000,0.00000,0,0
906426,6.24594820,-75.56286150,55,0.00000,0.00000,0,0
907428,6.24620190,-75.56322400,29,1528.50000,0.00000,0,0
908431,6.24620190,-75.56322400,29,1528.50000,0.00000,0,0
909477,6.24620190,-75.56322400,29,1528.50000,0.00000,0,0
910478,6.24620190,-75.56322400,29,1528.50000,0.00000,0,0
911479,6.24620190,-75.56322400,29,1528.50000,0.00000,0,0
912478,6.24639200,-75.56315150,33,0.00000,0.00000,0,0
913483,6.24639200,-75.56315150,33,0.00000,0.00000,0,0
914480,6.24639200,-75.56315150,33,0.00000,0.00000,0,0
915481,6.24639200,-75.56315150,33,0.00000,0.00000,0,0
916486,6.24639200,-75.56315150,33,0.00000,0.00000,0,0
917532,6.24644290,-75.56351400,117,0.00000,0.00000,0,0
918576,6.24644290,-75.56351400,117,0.00000,0.00000,0,0
919578,6.24644290,-75.56351400,117,0.00000,0.00000,0,0
920583,6.24644290,-75.56351400,117,0.00000,0.00000,0,0
921576,6.24655300,-75.56389300,115,0.00000,0.00000,0,0
922576,6.24655300,-75.56389300,115,0.00000,0.00000,0,0
923578,6.24655300,-75.56389300,115,0.00000,0.00000,0,0
924627,6.24655300,-75.56389300,115,0.00000,0.00000,0,0
925632,6.24655300,-75.56389300,115,0.00000,0.00000,0,0
926637,6.24655300,-75.56389300,115,0.00000,0.00000,0,0
927628,6.24667320,-75.56430550,35,0.00000,0.00000,0,0
928627,6.24667320,-75.56430550,35,0.00000,0.00000,0,0
929630,6.24667320,-75.56430550,35,0.00000,0.00000,0,0
930627,6.24667320,-75.56430550,35,0.00000,0.00000,0,0
931627,6.24674410,-75.56432650,30,1526.00000,0.00000,0,0
932632,6.24674410,-75.56432650,30,1526.00000,0.00000,0,0
933633,6.24674410,-75.56432650,30,1526.00000,0.00000,0,0
934678,6.24674410,-75.56432650,30,1526.00000,0.00000,0,0
935677,6.24674410,-75.56432650,30,1526.00000,0.00000,0,0
936727,6.24681560,-75.56440100,35,1525.19995,0.00000,0,0
937745,6.24681560,-75.56440100,35,1525.19995,0.00000,0,0
939094,6.24681560,-75.56440100,35,1525.19995,0.00000,0,0
940128,6.24681560,-75.56440100,35,1525.19995,0.00000,0,0
941127,6.24681560,-75.56440100,35,1525.19995,0.00000,0,0
942127,6.24681560,-75.56440100,35,1525.19995,0.00000,0,0
943181,6.24672510,-75.56455150,34,1524.90002,0.00000,0,0
944183,6.24672510,-75.56455150,34,1524.90002,0.00000,0,0
945185,6.24672510,-75.56455150,34,1524.90002,0.00000,0,0
946177,6.24672510,-75.56455150,34,1524.90002,0.00000,0,0
947228,6.24672510,-75.56455150,34,1524.90002,0.00000,0,0
948228,6.24680760,-75.56449860,45,0.00000,0.00000,0,0
949283,6.24680760,-75.56449860,45,0.00000,0.00000,0,0
950282,6.24680760,-75.56449860,45,0.00000,0.00000,0,0
951281,6.24680760,-75.56449860,45,0.00000,0.00000,0,0
952329,6.24680760,-75.56449860,45,0.00000,0.00000,0,0
953331,6.24673340,-75.56458720,37,0.00000,0.00000,0,0
954380,6.24673340,-75.56458720,37,0.00000,0.00000,0,0
955381,6.24673340,-75.56458720,37,0.00000,0.00000,0,0
956434,6.24673340,-75.56458720,37,0.00000,0.00000,0,0
957483,6.24695100,-75.56472830,66,0.00000,0.00000,0,0
958482,6.24695100,-75.56472830,66,0.00000,0.00000,0,0
959480,6.24695100,-75.56472830,66,0.00000,0.00000,0,0
960481,6.24695100,-75.56472830,66,0.00000,0.00000,0,0
961477,6.24695100,-75.56472830,66,0.00000,0.00000,0,0
962480,6.24695100,-75.56472830,66,0.00000,0.00000,0,0
963481,6.24719620,-75.56494090,34,0.00000,0.00000,0,0
964480,6.24719620,-75.56494090,34,0.00000,0.00000,0,0
965480,6.24719620,-75.56494090,34,0.00000,0.00000,0,0
966480,6.24719620,-75.56494090,34,0.00000,0.00000,0,0
967476,6.24711870,-75.56514820,69,0.00000,0.00000,0,0
968533,6.24711870,-75.56514820,69,0.00000,0.00000,0,0
969533,6.24711870,-75.56514820,69,0.00000,0.00000,0,0
970580,6.24711870,-75.56514820,69,0.00000,0.00000,0,0
971577,6.24711870,-75.56514820,69,0.00000,0.00000,0,0
972580,6.24711870,-75.56514820,69,0.00000,0.00000,0,0
973582,6.24711870,-75.56514820,69,0.00000,0.00000,0,0
974581,6.24711870,-75.56514820,69,0.00000,0.00000,0,0
975635,6.24711870,-75.56514820,69,0.00000,0.00000,0,0
976680,6.24734860,-75.56516350,59,0.00000,0.00000,0,0
977732,6.24722540,-75.56534470,35,0.00000,0.00000,0,0
978731,6.24722540,-75.56534470,35,0.00000,0.00000,0,0
979731,6.24722540,-75.56534470,35,0.00000,0.00000,0,0
980780,6.24722540,-75.56534470,35,0.00000,0.00000,0,0
981781,6.24722540,-75.56534470,35,0.00000,0.00000,0,0
982781,6.24730100,-75.56532400,70,0.00000,0.00000,0,0
983783,6.24730100,-75.56532400,70,0.00000,0.00000,0,0
984831,6.24730100,-75.56532400,70,0.00000,0.00000,0,0
985833,6.24730100,-75.56532400,70,0.00000,0.00000,0,0
986883,6.24730100,-75.56532400,70,0.00000,0.00000,0,0
987933,6.24730990,-75.56532160,109,0.00000,0.00000,0,0
988932,6.24730990,-75.56532160,109,0.00000,0.00000,0,0
989930,6.24730990,-75.56532160,109,0.00000,0.00000,0,0
990931,6.24730990,-75.56532160,109,0.00000,0.00000,0,0
991932,6.24730990,-75.56532160,109,0.00000,0.00000,0,0
992935,6.24731330,-75.56532060,76,0.00000,0.00000,0,0
993931,6.24731330,-75.56532060,76,0.00000,0.00000,0,0
994930,6.24731330,-75.56532060,76,0.00000,0.00000,0,0
995930,6.24731330,-75.56532060,76,0.00000,0.00000,0,0
996931,6.24731330,-75.56532060,76,0.00000,0.00000,0,0
997932,6.24716510,-75.56542280,35,0.00000,0.00000,0,0
998933,6.24716510,-75.56542280,35,0.00000,0.00000,0,0
999932,6.24716510,-75.56542280,35,0.00000,0.00000,0,0
1000930,6.24716510,-75.56542280,35,0.00000,0.00000,0,0
1001930,6.24716510,-75.56542280,35,0.00000,0.00000,0,0
1002931,6.24721030,-75.56549000,36,0.00000,0.00000,0,0
1003980,6.24721030,-75.56549000,36,0.00000,0.00000,0,0
1004985,6.24721030,-75.56549000,36,0.00000,0.00000,0,0
1005982,6.24721030,-75.56549000,36,0.00000,0.00000,0,0
1006981,6.24721030,-75.56549000,36,0.00000,0.00000,0,0
1007981,6.24732030,-75.56546040,94,0.00000,0.00000,0,0
1008980,6.24732030,-75.56546040,94,0.00000,0.00000,0,0
1009982,6.24732030,-75.56546040,94,0.00000,0.00000,0,0
1010984,6.24732030,-75.56546040,94,0.00000,0.00000,0,0
1012031,6.24732030,-75.56546040,94,0.00000,0.00000,0,0
1013031,6.24735920,-75.56570950,93,0.00000,0.00000,0,0
1014031,6.24735920,-75.56570950,93,0.00000,0.00000,0,0
1015083,6.24735920,-75.56570950,93,0.00000,0.00000,0,0
1016131,6.24735920,-75.56570950,93,0.00000,0.00000,0,0
1017130,6.24735920,-75.56570950,93,0.00000,0.00000,0,0
1018131,6.24779240,-75.56598490,53,0.00000,0.00000,0,0
1019131,6.24779240,-75.56598490,53,0.00000,0.00000,0,0
1020130,6.24779240,-75.56598490,53,0.00000,0.00000,0,0
1021131,6.24779240,-75.56598490,53,0.00000,0.00000,0,0
1022132,6.24779240,-75.56598490,53,0.00000,0.00000,0,0
1023180,6.24763060,-75.56620270,32,0.00000,0.00000,0,0
1024182,6.24763060,-75.56620270,32,0.00000,0.00000,0,0
1025182,6.24763060,-75.56620270,32,0.00000,0.00000,0,0
1026184,6.24763060,-75.56620270,32,0.00000,0.00000,0,0
1027180,6.24763060,-75.56620270,32,0.00000,0.00000,0,0
1028178,6.24763060,-75.56620270,32,0.00000,0.00000,0,0
1029176,6.24763060,-75.56620270,32,0.00000,0.00000,0,0
1030180,6.24763060,-75.56620270,32,0.00000,0.00000,0,0
1031184,6.24763060,-75.56620270,32,0.00000,0.00000,0,0
1032181,6.24763060,-75.56620270,32,0.00000,0.00000,0,0
1033227,6.24788610,-75.56673920,35,0.00000,0.00000,0,0
1034231,6.24788610,-75.56673920,35,0.00000,0.00000,0,0
1035231,6.24788610,-75.56673920,35,0.00000,0.00000,0,0
1036280,6.24788610,-75.56673920,35,0.00000,0.00000,0,0
1037277,6.24788610,-75.56673920,35,0.00000,0.00000,0,0
1038281,6.24788610,-75.56673920,35,0.00000,0.00000,0,0
1039283,6.24791770,-75.56683340,60,0.00000,0.00000,0,0
1040281,6.24791770,-75.56683340,60,0.00000,0.00000,0,0
1041331,6.24791770,-75.56683340,60,0.00000,0.00000,0,0
1042331,6.24791770,-75.56683340,60,0.00000,0.00000,0,0
1043328,6.24791770,-75.56683340,60,0.00000,0.00000,0,0
1044387,6.24804920,-75.56687630,134,0.00000,0.00000,0,0
1045381,6.24804920,-75.56687630,134,0.00000,0.00000,0,0
1046380,6.24804920,-75.56687630,134,0.00000,0.00000,0,0
1047380,6.24804920,-75.56687630,134,0.00000,0.00000,0,0
1048381,6.24804920,-75.56687630,134,0.00000,0.00000,0,0
1049382,6.24814710,-75.56719110,49,0.00000,0.00000,0,0
1050382,6.24814710,-75.56719110,49,0.00000,0.00000,0,0
1051381,6.24814710,-75.56719110,49,0.00000,0.00000,0,0
1052381,6.24814710,-75.56719110,49,0.00000,0.00000,0,0
1053431,6.24814710,-75.56719110,49,0.00000,0.00000,0,0
1054432,6.24814400,-75.56732710,32,1514.09998,0.00000,0,0
1055480,6.24814400,-75.56732710,32,1514.09998,0.00000,0,0
1056480,6.24814400,-75.56732710,32,1514.09998,0.00000,0,0
1057484,6.24814400,-75.56732710,32,1514.09998,0.00000,0,0
1058483,6.24800200,-75.56743560,32,1513.80005,0.00000,0,0
1059480,6.24800200,-75.56743560,32,1513.80005,0.00000,0,0
1060478,6.24800200,-75.56743560,32,1513.80005,0.00000,0,0
1061477,6.24800200,-75.56743560,32,1513.80005,0.00000,0,0
1062480,6.24800200,-75.56743560,32,1513.80005,0.00000,0,0
1063480,6.24763170,-75.56759230,33,1513.80005,0.00000,0,0
1064480,6.24763170,-75.56759230,33,1513.80005,0.00000,0,0
1065481,6.24763170,-75.56759230,33,1513.80005,0.00000,0,0
1066532,6.24763170,-75.56759230,33,1513.80005,0.00000,0,0
1067532,6.24763170,-75.56759230,33,1513.80005,0.00000,0,0
1068532,6.24734120,-75.56770510,31,1514.80005,0.00000,0,0
1069577,6.24734120,-75.56770510,31,1514.80005,0.00000,0,0
1070661,6.24734120,-75.56770510,31,1514.80005,0.00000,0,0
1071576,6.24734120,-75.56770510,31,1514.80005,0.00000,0,0
1072577,6.24734120,-75.56770510,31,1514.80005,0.00000,0,0
1073627,6.24727870,-75.56795360,31,1512.19995,0.00000,0,0
1074628,6.24727870,-75.56795360,31,1512.19995,0.00000,0,0
1075679,6.24727870,-75.56795360,31,1512.19995,0.00000,0,0
1076695,6.24727870,-75.56795360,31,1512.19995,0.00000,0,0
1077714,6.24727870,-75.56795360,31,1512.19995,0.00000,0,0
1078676,6.24728130,-75.56796230,103,0.00000,0.00000,0,0
1079676,6.24728130,-75.56796230,103,0.00000,0.00000,0,0
1080680,6.24728130,-75.56796230,103,0.00000,0.00000,0,0
1081731,6.24728130,-75.56796230,103,0.00000,0.00000,0,0
1082776,6.24728130,-75.56796230,103,0.00000,0.00000,0,0
1083781,6.24727780,-75.56796980,73,0.00000,0.00000,0,0
1084782,6.24727780,-75.56796980,73,0.00000,0.00000,0,0
1085780,6.24727780,-75.56796980,73,0.00000,0.00000,0,0
1086783,6.24727780,-75.56796980,73,0.00000,0.00000,0,0
1087832,6.24727780,-75.56796980,73,0.00000,0.00000,0,0
1088881,6.24728040,-75.56796780,133,0.00000,0.00000,0,0
1089931,6.24728040,-75.56796780,133,0.00000,0.00000,0,0
1090977,6.24728040,-75.56796780,133,0.00000,0.00000,0,0
1092031,6.24728040,-75.56796780,133,0.00000,0.00000,0,0
1093031,6.24728040,-75.56796780,133,0.00000,0.00000,0,0
1094080,6.24715230,-75.56779450,121,0.00000,0.00000,0,0
1095134,6.24715230,-75.56779450,121,0.00000,0.00000,0,0
1096132,6.24715230,-75.56779450,121,0.00000,0.00000,0,0
1097187,6.24715230,-75.56779450,121,0.00000,0.00000,0,0
1098180,6.24715230,-75.56779450,121,0.00000,0.00000,0,0
1099180,6.24714220,-75.56777760,35,0.00000,0.00000,0,0
1100182,6.24714220,-75.56777760,35,0.00000,0.00000,0,0
1101180,6.24714220,-75.56777760,35,0.00000,0.00000,0,0
1102180,6.24714220,-75.56777760,35,0.00000,0.00000,0,0
1103181,6.24714220,-75.56777760,35,0.00000,0.00000,0,0
1104180,6.24714210,-75.56777730,84,0.00000,0.00000,0,0
1105180,6.24714210,-75.56777730,84,0.00000,0.00000,0,0
1106181,6.24714210,-75.56777730,84,0.00000,0.00000,0,0
1107234,6.24714210,-75.56777730,84,0.00000,0.00000,0,0
1108281,6.24714210,-75.56777730,84,0.00000,0.00000,0,0
1109280,6.24643850,-75.56751500,107,0.00000,0.00000,0,0
1110280,6.24643850,-75.56751500,107,0.00000,0.00000,0,0
1111282,6.24643850,-75.56751500,107,0.00000,0.00000,0,0
1112277,6.24643850,-75.56751500,107,0.00000,0.00000,0,0
1113281,6.24643850,-75.56751500,107,0.00000,0.00000,0,0
1114283,6.24670580,-75.56833550,55,0.00000,0.00000,0,0
1115332,6.24670580,-75.56833550,55,0.00000,0.00000,0,0
1116330,6.24670580,-75.56833550,55,0.00000,0.00000,0,0
1117333,6.24670580,-75.56833550,55,0.00000,0.00000,0,0
1118331,6.24670580,-75.56833550,55,0.00000,0.00000,0,0
1119331,6.24674770,-75.56846420,56,0.00000,0.00000,0,0
1120331,6.24674770,-75.56846420,56,0.00000,0.00000,0,0
1121331,6.24674770,-75.56846420,56,0.00000,0.00000,0,0
1122332,6.24674770,-75.56846420,56,0.00000,0.00000,0,0
1123332,6.24674770,-75.56846420,56,0.00000,0.00000,0,0
1124334,6.24678920,-75.56851010,33,0.00000,0.00000,0,0
1125380,6.24678920,-75.56851010,33,0.00000,0.00000,0,0
1126382,6.24678920,-75.56851010,33,0.00000,0.00000,0,0
1127380,6.24678920,-75.56851010,33,0.00000,0.00000,0,0
1128380,6.24678920,-75.56851010,33,0.00000,0.00000,0,0
1129377,6.24684880,-75.56873910,31,0.00000,0.00000,0,0
1130378,6.24684880,-75.56873910,31,0.00000,0.00000,0,0
1131426,6.24684880,-75.56873910,31,0.00000,0.00000,0,0
1132426,6.24684880,-75.56873910,31,0.00000,0.00000,0,0
1133430,6.24684880,-75.56873910,31,0.00000,0.00000,0,0
1134433,6.24689340,-75.56881220,34,0.00000,0.00000,0,0
1135477,6.24689340,-75.56881220,34,0.00000,0.00000,0,0
1136478,6.24689340,-75.56881220,34,0.00000,0.00000,0,0
1137477,6.24689340,-75.56881220,34,0.00000,0.00000,0,0
1138477,6.24689340,-75.56881220,34,0.00000,0.00000,0,0
1139478,6.24687410,-75.56892190,58,0.00000,0.00000,0,0
1140477,6.24687410,-75.56892190,58,0.00000,0.00000,0,0
1141477,6.24687410,-75.56892190,58,0.00000,0.00000,0,0
1142478,6.24687410,-75.56892190,58,0.00000,0.00000,0,0
1143478,6.24687410,-75.56892190,58,0.00000,0.00000,0,0
1144478,6.24676890,-75.56912510,52,1506.50000,0.00000,0,0
